PassengerId,Survived
BMW7812,0.35444325446183184
XXM0972,0.35444325446183184
RQX1211,0.35444325446183184
RVN4963,0.35444325446183184
NCU1956,0.35444325446183184
MSW4208,0.35444325446183184
FFF6730,0.35444325446183184
FLG2019,0.35444325446183184
YOD3294,0.35444325446183184
BDG2694,0.35444325446183184
TFH5628,0.35444325446183184
YTR1728,0.35444325446183184
AYY8711,0.35444325446183184
ICO9779,0.35444325446183184
GMI1141,0.35444325446183184
QJA1796,0.35444325446183184
ADG8069,0.35444325446183184
GDY0435,0.35444325446183184
UIW1798,0.35444325446183184
OKX6945,0.35444325446183184
TLA1423,0.35444325446183184
ATI9164,0.35444325446183184
HGB5652,0.35444325446183184
OGV4421,0.35444325446183184
LDS5768,0.35444325446183184
XHX1600,0.35444325446183184
AND5753,0.35444325446183184
WMN2843,0.35444325446183184
ACQ6112,0.35444325446183184
PZM6937,0.35444325446183184
UQC2723,0.35444325446183184
RNA0445,0.35444325446183184
EIM7657,0.35444325446183184
AZR0892,0.35444325446183184
GMX4668,0.35444325446183184
ZBC0359,0.35444325446183184
PID6523,0.35444325446183184
LTC1110,0.35444325446183184
TRI7066,0.35444325446183184
ZFY8621,0.35444325446183184
ZLT2622,0.35444325446183184
GFT1011,0.35444325446183184
OEI6632,0.35444325446183184
ZUN7568,0.35444325446183184
DKF5216,0.35444325446183184
HLK1794,0.35444325446183184
XSS0940,0.35444325446183184
PXI9906,0.35444325446183184
IAB5092,0.35444325446183184
EAB3469,0.35444325446183184
QZH6722,0.35444325446183184
PSY8110,0.35444325446183184
KAE4264,0.35444325446183184
RKM6961,0.35444325446183184
QSQ1337,0.35444325446183184
RCB7108,0.35444325446183184
ISA3150,0.35444325446183184
VUW1193,0.35444325446183184
RCM4245,0.35444325446183184
SIO9750,0.35444325446183184
SCA4405,0.35444325446183184
FUM7288,0.35444325446183184
XGD7682,0.35444325446183184
BGQ6260,0.35444325446183184
OIV0569,0.35444325446183184
WAY4212,0.35444325446183184
NVB1072,0.35444325446183184
ROF8089,0.35444325446183184
JOQ3887,0.35444325446183184
EGC7479,0.35444325446183184
YLM6170,0.35444325446183184
EHN8840,0.35444325446183184
NXO7861,0.35444325446183184
KMG9748,0.35444325446183184
IUI9926,0.35444325446183184
EFR0340,0.35444325446183184
XCL5519,0.35444325446183184
AOF0204,0.35444325446183184
VLD1162,0.35444325446183184
UTO3905,0.35444325446183184
DTO8732,0.35444325446183184
VCC8420,0.35444325446183184
FYQ1629,0.35444325446183184
DWI7052,0.35444325446183184
MMW1532,0.35444325446183184
KQB2627,0.35444325446183184
GAZ0067,0.35444325446183184
PDA0257,0.35444325446183184
NWZ9873,0.35444325446183184
KTW5072,0.35444325446183184
DVE3895,0.35444325446183184
NBT8626,0.35444325446183184
ING6106,0.35444325446183184
MJQ6211,0.35444325446183184
VOT6025,0.35444325446183184
QHG4643,0.35444325446183184
CSP0611,0.35444325446183184
RNY5117,0.35444325446183184
WEZ0541,0.35444325446183184
BSW3761,0.35444325446183184
EVD6228,0.35444325446183184
THY1143,0.35444325446183184
LMQ7102,0.35444325446183184
VWP4728,0.35444325446183184
SZN0765,0.35444325446183184
YWL1064,0.35444325446183184
XHJ5227,0.35444325446183184
TWT7891,0.35444325446183184
ITC2849,0.35444325446183184
LDK4984,0.35444325446183184
LGM7747,0.35444325446183184
KAO4326,0.35444325446183184
IUJ7761,0.35444325446183184
LSP0749,0.35444325446183184
JYX7856,0.35444325446183184
ACF8246,0.35444325446183184
WUK6979,0.35444325446183184
EIE1041,0.35444325446183184
IEB0300,0.35444325446183184
PLA1850,0.35444325446183184
GUD0459,0.35444325446183184
KIO3395,0.35444325446183184
SMU7978,0.35444325446183184
KGA9122,0.35444325446183184
UQW4939,0.35444325446183184
HSF7212,0.35444325446183184
ZIQ9835,0.35444325446183184
NSB8252,0.35444325446183184
EMA6421,0.35444325446183184
OWB6172,0.35444325446183184
PCM5848,0.35444325446183184
RDM2844,0.35444325446183184
XVA9233,0.35444325446183184
OMM0459,0.35444325446183184
NZT0027,0.35444325446183184
PFB5978,0.35444325446183184
ETT6969,0.35444325446183184
AJM2459,0.35444325446183184
IJK8232,0.35444325446183184
WNZ7017,0.35444325446183184
NWT6520,0.35444325446183184
WDR4041,0.35444325446183184
MGS3553,0.35444325446183184
ZFK2082,0.35444325446183184
XWE7501,0.35444325446183184
VPF0837,0.35444325446183184
ZKG7665,0.35444325446183184
RJK4884,0.35444325446183184
AUF4840,0.35444325446183184
NSP1423,0.35444325446183184
SBG1818,0.35444325446183184
HQU6302,0.35444325446183184
QKB7906,0.35444325446183184
ZYJ6903,0.35444325446183184
LOJ4681,0.35444325446183184
DYY3878,0.35444325446183184
BHO7095,0.35444325446183184
ASH2958,0.35444325446183184
FPO1049,0.35444325446183184
ZMO0016,0.35444325446183184
KTZ6778,0.35444325446183184
SDW2091,0.35444325446183184
XAY5572,0.35444325446183184
WJD5481,0.35444325446183184
UUG2543,0.35444325446183184
QLF6534,0.35444325446183184
VCX3417,0.35444325446183184
WFH8700,0.35444325446183184
IUJ5918,0.35444325446183184
UIA5987,0.35444325446183184
TBJ2345,0.35444325446183184
LKI8085,0.35444325446183184
YMI7388,0.35444325446183184
BNZ7464,0.35444325446183184
JJV1595,0.35444325446183184
LVK6679,0.35444325446183184
SYM8303,0.35444325446183184
BCL1135,0.35444325446183184
HPR9192,0.35444325446183184
BNM4133,0.35444325446183184
HCF8953,0.35444325446183184
FCI7768,0.35444325446183184
UVN9138,0.35444325446183184
EPM7018,0.35444325446183184
KKE0558,0.35444325446183184
QCE2817,0.35444325446183184
EJM1644,0.35444325446183184
ZAD2114,0.35444325446183184
HOS3085,0.35444325446183184
DWK1666,0.35444325446183184
GZI1082,0.35444325446183184
GCQ0562,0.35444325446183184
BCA2764,0.35444325446183184
FNM4351,0.35444325446183184
TOZ6210,0.35444325446183184
FVR4440,0.35444325446183184
CZA0708,0.35444325446183184
APG9172,0.35444325446183184
YRB7311,0.35444325446183184
OTR7794,0.35444325446183184
ABQ4870,0.35444325446183184
ABR4218,0.35444325446183184
YSF8163,0.35444325446183184
BQD7461,0.35444325446183184
MNK0862,0.35444325446183184
XFB0924,0.35444325446183184
PSB9385,0.35444325446183184
FHV9187,0.35444325446183184
MPQ7263,0.35444325446183184
MLB7904,0.35444325446183184
DBW2649,0.35444325446183184
QWP9266,0.35444325446183184
ZTE8198,0.35444325446183184
GQL7733,0.35444325446183184
BTM2869,0.35444325446183184
DNA7910,0.35444325446183184
KBU7014,0.35444325446183184
LPN3379,0.35444325446183184
OGJ7751,0.35444325446183184
TVY2053,0.35444325446183184
ZFH2934,0.35444325446183184
ZNK8465,0.35444325446183184
GOO0088,0.35444325446183184
FNT7699,0.35444325446183184
IBQ6388,0.35444325446183184
PHL9531,0.35444325446183184
FWP1652,0.35444325446183184
OSR0403,0.35444325446183184
ZCG7499,0.35444325446183184
VWF4717,0.35444325446183184
XSX9923,0.35444325446183184
IDT5679,0.35444325446183184
QNN7045,0.35444325446183184
SCL3099,0.35444325446183184
FQB7830,0.35444325446183184
EIU5893,0.35444325446183184
JAB5740,0.35444325446183184
BFS0757,0.35444325446183184
PEK1561,0.35444325446183184
WZM6201,0.35444325446183184
CUR5751,0.35444325446183184
YHC6475,0.35444325446183184
CZN4333,0.35444325446183184
SCZ2038,0.35444325446183184
YYI9080,0.35444325446183184
FFU4192,0.35444325446183184
RCI4435,0.35444325446183184
KNC7900,0.35444325446183184
NWW3456,0.35444325446183184
DMM7876,0.35444325446183184
NLQ7528,0.35444325446183184
ZTQ9297,0.35444325446183184
OBF3516,0.35444325446183184
VXR0158,0.35444325446183184
TPW9742,0.35444325446183184
HKD0031,0.35444325446183184
TXG8166,0.35444325446183184
WWX8522,0.35444325446183184
UXI9221,0.35444325446183184
TBG5250,0.35444325446183184
QKB0351,0.35444325446183184
GLY4304,0.35444325446183184
FJC9465,0.35444325446183184
IWL3312,0.35444325446183184
FRL4400,0.35444325446183184
ENX6068,0.35444325446183184
ZJM4777,0.35444325446183184
FUV8356,0.35444325446183184
DBD5392,0.35444325446183184
YIK0308,0.35444325446183184
ZCW6112,0.35444325446183184
CZO8665,0.35444325446183184
CZO0393,0.35444325446183184
SQH5605,0.35444325446183184
EPW1517,0.35444325446183184
BGG7447,0.35444325446183184
FQK5555,0.35444325446183184
LAV0682,0.35444325446183184
ETA9068,0.35444325446183184
UTE8177,0.35444325446183184
WAF8627,0.35444325446183184
FSW7452,0.35444325446183184
ZCV1761,0.35444325446183184
RGG1398,0.35444325446183184
UKD1387,0.35444325446183184
DXR7400,0.35444325446183184
MID1694,0.35444325446183184
KZQ7372,0.35444325446183184
QXV6772,0.35444325446183184
VVM2728,0.35444325446183184
TSQ4357,0.35444325446183184
LVO2568,0.35444325446183184
KVG5426,0.35444325446183184
VVI2608,0.35444325446183184
YCW6221,0.35444325446183184
NOG4069,0.35444325446183184
UFL2195,0.35444325446183184
XSE9331,0.35444325446183184
IFJ3811,0.35444325446183184
FMI6193,0.35444325446183184
GEG5221,0.35444325446183184
WNB6544,0.35444325446183184
POY1710,0.35444325446183184
IXW9487,0.35444325446183184
QPP5665,0.35444325446183184
GTT3539,0.35444325446183184
EOX4074,0.35444325446183184
VUX3470,0.35444325446183184
UJA9461,0.35444325446183184
DPX4602,0.35444325446183184
TRQ9561,0.35444325446183184
URJ0556,0.35444325446183184
HUF2443,0.35444325446183184
WYL9328,0.35444325446183184
INC7750,0.35444325446183184
WBI3246,0.35444325446183184
DEE0495,0.35444325446183184
UAP2440,0.35444325446183184
QZA8708,0.35444325446183184
RRL2856,0.35444325446183184
NLR5477,0.35444325446183184
TXP3867,0.35444325446183184
OQS4317,0.35444325446183184
CXP8115,0.35444325446183184
DVL4298,0.35444325446183184
HPI0748,0.35444325446183184
EKW6533,0.35444325446183184
XOT4367,0.35444325446183184
CPF8364,0.35444325446183184
SZD9039,0.35444325446183184
KRZ5861,0.35444325446183184
GLG8375,0.35444325446183184
BJH0682,0.35444325446183184
GXI1618,0.35444325446183184
KIM6514,0.35444325446183184
AZA4306,0.35444325446183184
BNB2523,0.35444325446183184
QGR0943,0.35444325446183184
ITN9857,0.35444325446183184
RZD9305,0.35444325446183184
WIM8058,0.35444325446183184
AZA5928,0.35444325446183184
NYM6867,0.35444325446183184
AZJ1824,0.35444325446183184
CJK0669,0.35444325446183184
LNX6024,0.35444325446183184
TVN4928,0.35444325446183184
FDS0395,0.35444325446183184
TUT9920,0.35444325446183184
BND5570,0.35444325446183184
EZM2179,0.35444325446183184
BAA2877,0.35444325446183184
HZM4635,0.35444325446183184
FXJ7749,0.35444325446183184
ZNZ5945,0.35444325446183184
UQZ4298,0.35444325446183184
FUX9953,0.35444325446183184
MRA8542,0.35444325446183184
LRF0550,0.35444325446183184
RSA1537,0.35444325446183184
RPJ3988,0.35444325446183184
RUI3848,0.35444325446183184
GZK6073,0.35444325446183184
UWF8502,0.35444325446183184
IFZ2589,0.35444325446183184
DTJ7389,0.35444325446183184
OYP3773,0.35444325446183184
KLY0516,0.35444325446183184
MIK4622,0.35444325446183184
HWQ7994,0.35444325446183184
IFV9486,0.35444325446183184
EEK0658,0.35444325446183184
BNP6929,0.35444325446183184
FGW4172,0.35444325446183184
BIX9441,0.35444325446183184
BYO0287,0.35444325446183184
HAJ7260,0.35444325446183184
IOT2076,0.35444325446183184
PCR0504,0.35444325446183184
UQF1697,0.35444325446183184
PRJ1922,0.35444325446183184
CUS5781,0.35444325446183184
WQI4924,0.35444325446183184
IXR8462,0.35444325446183184
SEH5032,0.35444325446183184
MAY4858,0.35444325446183184
NOS7437,0.35444325446183184
VQO7220,0.35444325446183184
OQY4533,0.35444325446183184
RVU0557,0.35444325446183184
WUN7233,0.35444325446183184
ATZ4411,0.35444325446183184
ABY4350,0.35444325446183184
IIJ9338,0.35444325446183184
YSR0845,0.35444325446183184
YWY6097,0.35444325446183184
URP1397,0.35444325446183184
EGV5963,0.35444325446183184
HVL3472,0.35444325446183184
GAK8333,0.35444325446183184
VVI1365,0.35444325446183184
OJJ2304,0.35444325446183184
CGK8213,0.35444325446183184
UKB0922,0.35444325446183184
SGY3143,0.35444325446183184
JRL8875,0.35444325446183184
XEC3315,0.35444325446183184
AAM1257,0.35444325446183184
JUU5139,0.35444325446183184
LVQ0981,0.35444325446183184
LNE7087,0.35444325446183184
WST8239,0.35444325446183184
GFA2798,0.35444325446183184
OLJ0932,0.35444325446183184
YIH5817,0.35444325446183184
GCX3099,0.35444325446183184
WZE8060,0.35444325446183184
YXV3018,0.35444325446183184
DXU6486,0.35444325446183184
LYY3772,0.35444325446183184
VVI0074,0.35444325446183184
LPX2932,0.35444325446183184
JZO5864,0.35444325446183184
OVJ5413,0.35444325446183184
OAD8995,0.35444325446183184
XME7244,0.35444325446183184
CTF3216,0.35444325446183184
VED2628,0.35444325446183184
YFI5952,0.35444325446183184
YMF9690,0.35444325446183184
IXO8997,0.35444325446183184
OLD9175,0.35444325446183184
JGN8940,0.35444325446183184
MXS1490,0.35444325446183184
NQL2044,0.35444325446183184
BRW4556,0.35444325446183184
MFM2102,0.35444325446183184
IUT5528,0.35444325446183184
HDZ9323,0.35444325446183184
TXU3043,0.35444325446183184
TMJ8134,0.35444325446183184
QSO4070,0.35444325446183184
DGJ7941,0.35444325446183184
XSY2696,0.35444325446183184
IPT9882,0.35444325446183184
KAI5824,0.35444325446183184
WKI1403,0.35444325446183184
GWK0377,0.35444325446183184
FSS8088,0.35444325446183184
WVP0361,0.35444325446183184
WLE1686,0.35444325446183184
SWE9091,0.35444325446183184
QET6776,0.35444325446183184
OSG9958,0.35444325446183184
OZW2958,0.35444325446183184
PAO6717,0.35444325446183184
XBM0748,0.35444325446183184
UZE1032,0.35444325446183184
RDP2900,0.35444325446183184
CMS3823,0.35444325446183184
POA0386,0.35444325446183184
FHK2455,0.35444325446183184
KJS6888,0.35444325446183184
HHF0413,0.35444325446183184
LXU2057,0.35444325446183184
BSI6289,0.35444325446183184
XIV9905,0.35444325446183184
WSG5679,0.35444325446183184
CPK8356,0.35444325446183184
OLW5004,0.35444325446183184
DAP1939,0.35444325446183184
OZK3891,0.35444325446183184
JJP9737,0.35444325446183184
OWW9878,0.35444325446183184
POV4571,0.35444325446183184
SAP2598,0.35444325446183184
CCO3031,0.35444325446183184
ZCP9794,0.35444325446183184
VGH7247,0.35444325446183184
DFK5196,0.35444325446183184
YEB9339,0.35444325446183184
TQQ4536,0.35444325446183184
CAQ2485,0.35444325446183184
NPU0853,0.35444325446183184
NXN1436,0.35444325446183184
AQT2014,0.35444325446183184
IMY2441,0.35444325446183184
LEY4280,0.35444325446183184
KVC0740,0.35444325446183184
FKX2395,0.35444325446183184
WVK8732,0.35444325446183184
OEY9179,0.35444325446183184
GAF1607,0.35444325446183184
OVI8341,0.35444325446183184
AJJ5067,0.35444325446183184
NLK5560,0.35444325446183184
DPB9248,0.35444325446183184
QVH1448,0.35444325446183184
NCY9306,0.35444325446183184
RPN7465,0.35444325446183184
ETI1826,0.35444325446183184
CFH2499,0.35444325446183184
YQD0658,0.35444325446183184
NSX7860,0.35444325446183184
WTY8868,0.35444325446183184
LBP3097,0.35444325446183184
FBO5673,0.35444325446183184
QUP7403,0.35444325446183184
RMQ3259,0.35444325446183184
LZV8922,0.35444325446183184
MYW6010,0.35444325446183184
GAZ8688,0.35444325446183184
XEN5887,0.35444325446183184
MCD6755,0.35444325446183184
DNY0400,0.35444325446183184
OAJ3976,0.35444325446183184
FDY8448,0.35444325446183184
QVK9779,0.35444325446183184
XIC6406,0.35444325446183184
ODC5129,0.35444325446183184
PUZ9037,0.35444325446183184
AYO0027,0.35444325446183184
IBB7648,0.35444325446183184
KNJ9436,0.35444325446183184
ZSW7912,0.35444325446183184
HTX1586,0.35444325446183184
YVH6905,0.35444325446183184
KXO8629,0.35444325446183184
PTC8753,0.35444325446183184
IMR9819,0.35444325446183184
YSH2788,0.35444325446183184
TCH9901,0.35444325446183184
ERK9966,0.35444325446183184
ZCC5092,0.35444325446183184
ZMU0934,0.35444325446183184
PKL3973,0.35444325446183184
MXV2409,0.35444325446183184
JWM9362,0.35444325446183184
DQB5905,0.35444325446183184
TJU3830,0.35444325446183184
BAD5129,0.35444325446183184
RPA3000,0.35444325446183184
DAG3833,0.35444325446183184
NUI3695,0.35444325446183184
VGV8221,0.35444325446183184
VJY7461,0.35444325446183184
ZEI0342,0.35444325446183184
YKS4450,0.35444325446183184
OCU8326,0.35444325446183184
SGL8650,0.35444325446183184
ROG4593,0.35444325446183184
CXZ9948,0.35444325446183184
JSJ2996,0.35444325446183184
WGU8326,0.35444325446183184
ZMC0708,0.35444325446183184
XES1074,0.35444325446183184
GXP6541,0.35444325446183184
OXY9542,0.35444325446183184
DED3353,0.35444325446183184
PZO0044,0.35444325446183184
XNZ8049,0.35444325446183184
YMC7841,0.35444325446183184
IJL6298,0.35444325446183184
SFQ6285,0.35444325446183184
EZF9124,0.35444325446183184
NGN3862,0.35444325446183184
IFX4780,0.35444325446183184
EUU0872,0.35444325446183184
DTS9174,0.35444325446183184
RDD8291,0.35444325446183184
FMR4031,0.35444325446183184
MPZ1880,0.35444325446183184
KWX6780,0.35444325446183184
IYO9291,0.35444325446183184
NKL6260,0.35444325446183184
BLN8384,0.35444325446183184
XTA7374,0.35444325446183184
QXI9269,0.35444325446183184
XEX5883,0.35444325446183184
VPD4077,0.35444325446183184
VTV9691,0.35444325446183184
ZAO9134,0.35444325446183184
LCQ5281,0.35444325446183184
LWQ2979,0.35444325446183184
BUS4560,0.35444325446183184
XBU5556,0.35444325446183184
HKG0565,0.35444325446183184
IKP6200,0.35444325446183184
ZLL1417,0.35444325446183184
TJZ9260,0.35444325446183184
CAW7774,0.35444325446183184
LOF2165,0.35444325446183184
HAH8052,0.35444325446183184
BBY2629,0.35444325446183184
IKP9794,0.35444325446183184
QYA7944,0.35444325446183184
YFC2745,0.35444325446183184
ONH1739,0.35444325446183184
EFU0547,0.35444325446183184
SLR4139,0.35444325446183184
RCO7284,0.35444325446183184
WOT9255,0.35444325446183184
OWO2121,0.35444325446183184
WJP5952,0.35444325446183184
UPA9486,0.35444325446183184
AOO6915,0.35444325446183184
MQX0494,0.35444325446183184
CPZ1016,0.35444325446183184
DTO4365,0.35444325446183184
BOF0969,0.35444325446183184
BAY4430,0.35444325446183184
VNM8775,0.35444325446183184
FPG1469,0.35444325446183184
JOP0278,0.35444325446183184
MWT1563,0.35444325446183184
YGJ4665,0.35444325446183184
XGV6558,0.35444325446183184
PYN2621,0.35444325446183184
MJP4472,0.35444325446183184
NPX0936,0.35444325446183184
VFI8818,0.35444325446183184
OEE5558,0.35444325446183184
YQP4550,0.35444325446183184
VGO0339,0.35444325446183184
KWR4657,0.35444325446183184
KHV9548,0.35444325446183184
RLH7551,0.35444325446183184
JHG8476,0.35444325446183184
YIN5595,0.35444325446183184
KNU6202,0.35444325446183184
BOD7821,0.35444325446183184
YAO7502,0.35444325446183184
BUG1693,0.35444325446183184
VZY7105,0.35444325446183184
MEX5000,0.35444325446183184
IMK3111,0.35444325446183184
XDG3632,0.35444325446183184
IUW4506,0.35444325446183184
YSS2525,0.35444325446183184
XYT8721,0.35444325446183184
ZOP8056,0.35444325446183184
LFQ4827,0.35444325446183184
DVT0959,0.35444325446183184
JXE1976,0.35444325446183184
TIO9102,0.35444325446183184
XNX7446,0.35444325446183184
UMQ0005,0.35444325446183184
SHM0923,0.35444325446183184
SDW7469,0.35444325446183184
RND9284,0.35444325446183184
PRK8877,0.35444325446183184
LUK7669,0.35444325446183184
ROE7399,0.35444325446183184
TWX5824,0.35444325446183184
TJP8005,0.35444325446183184
YWN1430,0.35444325446183184
CAE4734,0.35444325446183184
WGN0978,0.35444325446183184
NDD2483,0.35444325446183184
XGA2679,0.35444325446183184
ARL9526,0.35444325446183184
GWN5364,0.35444325446183184
VAQ4681,0.35444325446183184
CZJ2760,0.35444325446183184
WIQ0576,0.35444325446183184
HKB5748,0.35444325446183184
ZNO8792,0.35444325446183184
HID9124,0.35444325446183184
QVS8663,0.35444325446183184
XMW0158,0.35444325446183184
XRE0129,0.35444325446183184
ZDW5802,0.35444325446183184
LSB6659,0.35444325446183184
TIF9447,0.35444325446183184
SRO1684,0.35444325446183184
QWY1335,0.35444325446183184
ATT3704,0.35444325446183184
IIZ3757,0.35444325446183184
EKT6714,0.35444325446183184
DNZ5198,0.35444325446183184
QXL0998,0.35444325446183184
VFE8483,0.35444325446183184
BDS3798,0.35444325446183184
UVJ1367,0.35444325446183184
QGI5986,0.35444325446183184
UUM2222,0.35444325446183184
CTX8225,0.35444325446183184
UCE5369,0.35444325446183184
RYJ8380,0.35444325446183184
ZCO7946,0.35444325446183184
PAT1668,0.35444325446183184
PCC8475,0.35444325446183184
DKB8486,0.35444325446183184
YUW7554,0.35444325446183184
NVM5511,0.35444325446183184
RVL7813,0.35444325446183184
RSB4017,0.35444325446183184
OAO2510,0.35444325446183184
YKU5234,0.35444325446183184
CBI1624,0.35444325446183184
GZI7969,0.35444325446183184
ODI2921,0.35444325446183184
WCY2367,0.35444325446183184
HJP2439,0.35444325446183184
IWA6923,0.35444325446183184
FCL5132,0.35444325446183184
ATP4012,0.35444325446183184
KHL4029,0.35444325446183184
YJM6746,0.35444325446183184
BXP4735,0.35444325446183184
UMF1713,0.35444325446183184
QQM2248,0.35444325446183184
QWP8196,0.35444325446183184
ZBW0154,0.35444325446183184
QWO0141,0.35444325446183184
KHM8328,0.35444325446183184
ZCV0114,0.35444325446183184
VNO9834,0.35444325446183184
CCJ0033,0.35444325446183184
ZVL8501,0.35444325446183184
FJX4127,0.35444325446183184
XGJ2522,0.35444325446183184
OJX0002,0.35444325446183184
WPN0485,0.35444325446183184
LWM3190,0.35444325446183184
YGJ1653,0.35444325446183184
FGK3297,0.35444325446183184
RVN5222,0.35444325446183184
MBU9557,0.35444325446183184
MTP8812,0.35444325446183184
HUY2308,0.35444325446183184
AXB1476,0.35444325446183184
SQC6295,0.35444325446183184
YGX6680,0.35444325446183184
LWA5592,0.35444325446183184
OPH5628,0.35444325446183184
AQP7388,0.35444325446183184
VPX3881,0.35444325446183184
ATF2118,0.35444325446183184
ZAE9027,0.35444325446183184
EMH4093,0.35444325446183184
NOP5048,0.35444325446183184
IAD8339,0.35444325446183184
JNC2520,0.35444325446183184
WQE1328,0.35444325446183184
LBP9831,0.35444325446183184
GBU9329,0.35444325446183184
YDR7545,0.35444325446183184
HEV7200,0.35444325446183184
ZFH3898,0.35444325446183184
GIO8849,0.35444325446183184
KNZ7322,0.35444325446183184
VKU8679,0.35444325446183184
NOP8109,0.35444325446183184
FKA2710,0.35444325446183184
HUB8729,0.35444325446183184
XPT6751,0.35444325446183184
YHG0468,0.35444325446183184
LLW3818,0.35444325446183184
DAR1770,0.35444325446183184
NEY5777,0.35444325446183184
HRT1566,0.35444325446183184
OHK9387,0.35444325446183184
TRF6726,0.35444325446183184
GHG9187,0.35444325446183184
VPT7294,0.35444325446183184
ESZ4396,0.35444325446183184
EUP2060,0.35444325446183184
WRG1872,0.35444325446183184
QEZ3683,0.35444325446183184
KIV4029,0.35444325446183184
ITY1692,0.35444325446183184
QCN8063,0.35444325446183184
FAR4901,0.35444325446183184
INB3299,0.35444325446183184
RMQ3028,0.35444325446183184
VLV1614,0.35444325446183184
DAE1555,0.35444325446183184
NBH2184,0.35444325446183184
KXR6365,0.35444325446183184
BJQ2348,0.35444325446183184
DVV9339,0.35444325446183184
DOK6965,0.35444325446183184
DHT9804,0.35444325446183184
UII9280,0.35444325446183184
CQJ6551,0.35444325446183184
UPX6633,0.35444325446183184
QTF6778,0.35444325446183184
KOB4840,0.35444325446183184
VHT3592,0.35444325446183184
OIH9680,0.35444325446183184
PNR0146,0.35444325446183184
YYW7599,0.35444325446183184
QLP5234,0.35444325446183184
HWQ4029,0.35444325446183184
KGY8385,0.35444325446183184
KXZ4440,0.35444325446183184
ZSW9565,0.35444325446183184
HEA3761,0.35444325446183184
NOQ4620,0.35444325446183184
FMO2859,0.35444325446183184
JPY4035,0.35444325446183184
TCO5104,0.35444325446183184
ZFL1866,0.35444325446183184
XAH7343,0.35444325446183184
PPK2107,0.35444325446183184
GRO5681,0.35444325446183184
TZJ0859,0.35444325446183184
SJZ0163,0.35444325446183184
UEF4464,0.35444325446183184
BHY0684,0.35444325446183184
GIN1693,0.35444325446183184
OFZ0391,0.35444325446183184
UNJ6927,0.35444325446183184
SAF9792,0.35444325446183184
FPR7512,0.35444325446183184
MHE8549,0.35444325446183184
SKE2152,0.35444325446183184
RZV8980,0.35444325446183184
AEF1390,0.35444325446183184
YJY3707,0.35444325446183184
XLG3909,0.35444325446183184
BFQ7320,0.35444325446183184
KOD4465,0.35444325446183184
YJF7861,0.35444325446183184
JPT2876,0.35444325446183184
MVD9059,0.35444325446183184
CNT3526,0.35444325446183184
AUK4642,0.35444325446183184
XLW9127,0.35444325446183184
OLH4871,0.35444325446183184
COQ9380,0.35444325446183184
FKW0046,0.35444325446183184
ANL5837,0.35444325446183184
ONC1596,0.35444325446183184
NGM7550,0.35444325446183184
XST2291,0.35444325446183184
LOW5440,0.35444325446183184
BET3235,0.35444325446183184
LRJ9690,0.35444325446183184
WSF1213,0.35444325446183184
RZH0481,0.35444325446183184
DHN9409,0.35444325446183184
FLG8634,0.35444325446183184
GSV4132,0.35444325446183184
QVY3304,0.35444325446183184
SZP3343,0.35444325446183184
SJW3574,0.35444325446183184
VUX7170,0.35444325446183184
WOS4595,0.35444325446183184
ICP0473,0.35444325446183184
SDC6877,0.35444325446183184
JAV4603,0.35444325446183184
XBG3487,0.35444325446183184
QYV3041,0.35444325446183184
HRX3760,0.35444325446183184
HFW0913,0.35444325446183184
NYP7704,0.35444325446183184
KHI6764,0.35444325446183184
TIH8427,0.35444325446183184
FZX7698,0.35444325446183184
NNI7092,0.35444325446183184
FHM8344,0.35444325446183184
SSP6207,0.35444325446183184
NSP4076,0.35444325446183184
ATH3833,0.35444325446183184
WXQ0496,0.35444325446183184
PAR9370,0.35444325446183184
EGB4225,0.35444325446183184
EFJ6209,0.35444325446183184
SKL7307,0.35444325446183184
RDR5232,0.35444325446183184
JYE6445,0.35444325446183184
MKV6230,0.35444325446183184
ORH9815,0.35444325446183184
BHW8949,0.35444325446183184
WMM5858,0.35444325446183184
JPC2143,0.35444325446183184
IDK0376,0.35444325446183184
MQJ4537,0.35444325446183184
BSG7774,0.35444325446183184
DJM5332,0.35444325446183184
RPT9211,0.35444325446183184
PQU2642,0.35444325446183184
XFZ3051,0.35444325446183184
JLG4100,0.35444325446183184
SZU2071,0.35444325446183184
QNT1158,0.35444325446183184
SCR8032,0.35444325446183184
GKV2932,0.35444325446183184
CHM2088,0.35444325446183184
PLW3838,0.35444325446183184
OFR8659,0.35444325446183184
HDI0288,0.35444325446183184
TSP5679,0.35444325446183184
WCY3053,0.35444325446183184
XHZ7064,0.35444325446183184
BTW1958,0.35444325446183184
MKM1230,0.35444325446183184
JSI9829,0.35444325446183184
GWD9671,0.35444325446183184
YMR2547,0.35444325446183184
JEO2368,0.35444325446183184
ACY3251,0.35444325446183184
KNO5153,0.35444325446183184
NTG8006,0.35444325446183184
NWS5060,0.35444325446183184
UPI1633,0.35444325446183184
CQN3820,0.35444325446183184
ZCJ4862,0.35444325446183184
MYK5541,0.35444325446183184
ABF1387,0.35444325446183184
TQD1085,0.35444325446183184
UUC5472,0.35444325446183184
OYD0500,0.35444325446183184
ZAJ2165,0.35444325446183184
GOL0218,0.35444325446183184
DWB1903,0.35444325446183184
TVX4730,0.35444325446183184
CJX4202,0.35444325446183184
TJT5809,0.35444325446183184
PRG7494,0.35444325446183184
ADX3195,0.35444325446183184
OSD0380,0.35444325446183184
CLL8438,0.35444325446183184
NEP8246,0.35444325446183184
BLT0601,0.35444325446183184
OFW9883,0.35444325446183184
ZTU0185,0.35444325446183184
MRQ6797,0.35444325446183184
MZE3447,0.35444325446183184
YYP9043,0.35444325446183184
SFM3808,0.35444325446183184
GAA8281,0.35444325446183184
LDA2577,0.35444325446183184
TOV1386,0.35444325446183184
RSO0893,0.35444325446183184
NAY0156,0.35444325446183184
TWS3025,0.35444325446183184
WKF3712,0.35444325446183184
JNF5798,0.35444325446183184
YQQ5364,0.35444325446183184
DFW7432,0.35444325446183184
AJQ3479,0.35444325446183184
YGQ3736,0.35444325446183184
UDE7317,0.35444325446183184
MLD9159,0.35444325446183184
FJH6378,0.35444325446183184
UNR6334,0.35444325446183184
JQT8420,0.35444325446183184
IHG5003,0.35444325446183184
QVV7370,0.35444325446183184
QQQ6284,0.35444325446183184
QAU2617,0.35444325446183184
OMJ2303,0.35444325446183184
NAN3990,0.35444325446183184
TJC1440,0.35444325446183184
YLG5073,0.35444325446183184
CKW8069,0.35444325446183184
XLT6792,0.35444325446183184
IUR1994,0.35444325446183184
TDB6784,0.35444325446183184
WPE5647,0.35444325446183184
VIW5835,0.35444325446183184
AZV2577,0.35444325446183184
WHN9303,0.35444325446183184
NNO5402,0.35444325446183184
CWQ0555,0.35444325446183184
WHX2289,0.35444325446183184
SIO1742,0.35444325446183184
HCQ4669,0.35444325446183184
DIS4219,0.35444325446183184
WQC8413,0.35444325446183184
QKY9781,0.35444325446183184
HXQ7593,0.35444325446183184
OIR1281,0.35444325446183184
IHJ2306,0.35444325446183184
NQJ1670,0.35444325446183184
CVF7383,0.35444325446183184
PMZ7058,0.35444325446183184
NGQ9265,0.35444325446183184
TGG3777,0.35444325446183184
UEC7590,0.35444325446183184
OZR6652,0.35444325446183184
JUJ4391,0.35444325446183184
HKY1810,0.35444325446183184
EJZ4056,0.35444325446183184
DTQ7517,0.35444325446183184
XJE1961,0.35444325446183184
QZE7841,0.35444325446183184
IPT7717,0.35444325446183184
WKU4373,0.35444325446183184
REI8949,0.35444325446183184
DMW1233,0.35444325446183184
VOR4390,0.35444325446183184
CJK6213,0.35444325446183184
JFA8065,0.35444325446183184
RWU6974,0.35444325446183184
KHQ9091,0.35444325446183184
XCZ8504,0.35444325446183184
TGG9006,0.35444325446183184
OIY5015,0.35444325446183184
OJD3453,0.35444325446183184
IWL2637,0.35444325446183184
CFN2318,0.35444325446183184
BEC1146,0.35444325446183184
ZAF1027,0.35444325446183184
RFZ9189,0.35444325446183184
KTY6832,0.35444325446183184
XZX8840,0.35444325446183184
DZS9732,0.35444325446183184
JQO8159,0.35444325446183184
DKQ5502,0.35444325446183184
HCW3172,0.35444325446183184
NXI1673,0.35444325446183184
GSC7771,0.35444325446183184
DQL7776,0.35444325446183184
BEL1456,0.35444325446183184
CPT3236,0.35444325446183184
TWP4959,0.35444325446183184
EOY3680,0.35444325446183184
KEC9629,0.35444325446183184
BOW3757,0.35444325446183184
KEY7160,0.35444325446183184
UJG9147,0.35444325446183184
JIU1267,0.35444325446183184
HGZ1707,0.35444325446183184
DVE5626,0.35444325446183184
MWF5835,0.35444325446183184
RUU1769,0.35444325446183184
RYT0816,0.35444325446183184
ABH6445,0.35444325446183184
LRY6917,0.35444325446183184
RYA9514,0.35444325446183184
VOF2384,0.35444325446183184
YAY8204,0.35444325446183184
MTO8360,0.35444325446183184
QFZ9656,0.35444325446183184
YTE5059,0.35444325446183184
LER4195,0.35444325446183184
BXI1869,0.35444325446183184
FXY8435,0.35444325446183184
DHO4756,0.35444325446183184
OKV2120,0.35444325446183184
FEK4619,0.35444325446183184
GNW5951,0.35444325446183184
BJZ1301,0.35444325446183184
HGO3857,0.35444325446183184
EGQ4011,0.35444325446183184
XMI1017,0.35444325446183184
NBF5886,0.35444325446183184
BXJ1336,0.35444325446183184
AIC9220,0.35444325446183184
KRW0690,0.35444325446183184
OVH5871,0.35444325446183184
HXH2196,0.35444325446183184
CEX2580,0.35444325446183184
PGA5788,0.35444325446183184
PUE3081,0.35444325446183184
DYT0205,0.35444325446183184
LXB7281,0.35444325446183184
MRH6045,0.35444325446183184
CWY2861,0.35444325446183184
OKZ3949,0.35444325446183184
LSO2020,0.35444325446183184
SFE3458,0.35444325446183184
KLD6612,0.35444325446183184
YCQ4857,0.35444325446183184
UBK0754,0.35444325446183184
YLC5094,0.35444325446183184
DSA6154,0.35444325446183184
DOG3336,0.35444325446183184
PBQ9526,0.35444325446183184
VZL1300,0.35444325446183184
MKD7064,0.35444325446183184
AZA1556,0.35444325446183184
VCF9838,0.35444325446183184
ECQ4442,0.35444325446183184
YNF0699,0.35444325446183184
JWK9762,0.35444325446183184
VKL6722,0.35444325446183184
DJW0707,0.35444325446183184
WVH7170,0.35444325446183184
QGD3381,0.35444325446183184
EVW8779,0.35444325446183184
RZW7344,0.35444325446183184
BQN0825,0.35444325446183184
JHT7916,0.35444325446183184
UFW4250,0.35444325446183184
DMC0064,0.35444325446183184
SMC7958,0.35444325446183184
JUA4581,0.35444325446183184
MPQ2956,0.35444325446183184
NCI5503,0.35444325446183184
AAN5057,0.35444325446183184
VVZ4178,0.35444325446183184
IDT5835,0.35444325446183184
UKH1275,0.35444325446183184
AMP2906,0.35444325446183184
QKR3881,0.35444325446183184
CZK2875,0.35444325446183184
UVV5405,0.35444325446183184
PRP3180,0.35444325446183184
JXQ9210,0.35444325446183184
ODQ7414,0.35444325446183184
LOE5625,0.35444325446183184
OGO4671,0.35444325446183184
QBR3849,0.35444325446183184
QPP3950,0.35444325446183184
XZK0384,0.35444325446183184
DCE1364,0.35444325446183184
LUU7267,0.35444325446183184
MFT8456,0.35444325446183184
UZU2357,0.35444325446183184
MGJ5638,0.35444325446183184
WZM4980,0.35444325446183184
ZDY5289,0.35444325446183184
JCK5264,0.35444325446183184
VEP0945,0.35444325446183184
BGZ2161,0.35444325446183184
AFR6074,0.35444325446183184
XVP3236,0.35444325446183184
GUO9898,0.35444325446183184
IIF2129,0.35444325446183184
BGF5161,0.35444325446183184
QUD0057,0.35444325446183184
BYK4932,0.35444325446183184
HVC1619,0.35444325446183184
LJB2162,0.35444325446183184
MWG9020,0.35444325446183184
RJL6340,0.35444325446183184
XEY9152,0.35444325446183184
KTU1784,0.35444325446183184
MEX9723,0.35444325446183184
LPN9342,0.35444325446183184
AXP1910,0.35444325446183184
JKU5309,0.35444325446183184
ATN4231,0.35444325446183184
UYT7606,0.35444325446183184
VUG5004,0.35444325446183184
HBU8898,0.35444325446183184
ZAW8024,0.35444325446183184
RZS2322,0.35444325446183184
HCT3439,0.35444325446183184
KMR6625,0.35444325446183184
WIR8026,0.35444325446183184
PCX5687,0.35444325446183184
OEB7786,0.35444325446183184
PHJ6984,0.35444325446183184
LRD7834,0.35444325446183184
IFN3541,0.35444325446183184
UYI6560,0.35444325446183184
CDT2640,0.35444325446183184
QGU4888,0.35444325446183184
ZER6301,0.35444325446183184
FYF3652,0.35444325446183184
QPN3470,0.35444325446183184
ZNW3915,0.35444325446183184
MRU6389,0.35444325446183184
BIL2782,0.35444325446183184
WPM0379,0.35444325446183184
FEL5984,0.35444325446183184
ZEE8354,0.35444325446183184
VSU2166,0.35444325446183184
GNT2830,0.35444325446183184
NRS4510,0.35444325446183184
YVF5918,0.35444325446183184
CSI7601,0.35444325446183184
SQT7167,0.35444325446183184
KZI1721,0.35444325446183184
NPO7343,0.35444325446183184
SGN8003,0.35444325446183184
TUK3100,0.35444325446183184
KZF1238,0.35444325446183184
CUM4727,0.35444325446183184
MFW6484,0.35444325446183184
WSC0712,0.35444325446183184
BRP3520,0.35444325446183184
IJW8500,0.35444325446183184
OWU4123,0.35444325446183184
CZU9089,0.35444325446183184
BVX6872,0.35444325446183184
OPC1552,0.35444325446183184
VNA2453,0.35444325446183184
WJF6855,0.35444325446183184
VCV7424,0.35444325446183184
YEK4260,0.35444325446183184
QCE2697,0.35444325446183184
GBK2348,0.35444325446183184
USX4631,0.35444325446183184
OEL6656,0.35444325446183184
IVU4420,0.35444325446183184
QHS7517,0.35444325446183184
ISY1208,0.35444325446183184
WIS2014,0.35444325446183184
CXL9300,0.35444325446183184
DJZ3172,0.35444325446183184
HJQ8649,0.35444325446183184
TAD1369,0.35444325446183184
JDC2944,0.35444325446183184
DIU0587,0.35444325446183184
UDK7811,0.35444325446183184
KBN4643,0.35444325446183184
WHU3531,0.35444325446183184
YLA6028,0.35444325446183184
DZL9290,0.35444325446183184
QUK8982,0.35444325446183184
RDN6767,0.35444325446183184
YDL9581,0.35444325446183184
BTI1589,0.35444325446183184
LAF9879,0.35444325446183184
OUV4912,0.35444325446183184
YUC8666,0.35444325446183184
QUD1200,0.35444325446183184
SUD9434,0.35444325446183184
WIF5400,0.35444325446183184
CYY2538,0.35444325446183184
STR3715,0.35444325446183184
BOI9600,0.35444325446183184
WZB1127,0.35444325446183184
SHM1640,0.35444325446183184
AFS9087,0.35444325446183184
BHW9444,0.35444325446183184
HKU5876,0.35444325446183184
VDC7392,0.35444325446183184
PUB5971,0.35444325446183184
QMM1165,0.35444325446183184
RAP8158,0.35444325446183184
DPI1551,0.35444325446183184
RYD8962,0.35444325446183184
UBA8184,0.35444325446183184
ISI2432,0.35444325446183184
AHW1476,0.35444325446183184
AFH6782,0.35444325446183184
WHO3022,0.35444325446183184
JWG6400,0.35444325446183184
ODA4945,0.35444325446183184
OMF3072,0.35444325446183184
VDC2590,0.35444325446183184
XTW7551,0.35444325446183184
GUI6524,0.35444325446183184
BKW1979,0.35444325446183184
AGJ4511,0.35444325446183184
ECR0700,0.35444325446183184
WPA3910,0.35444325446183184
TVM6511,0.35444325446183184
TWB1953,0.35444325446183184
OFQ3737,0.35444325446183184
WJH6469,0.35444325446183184
ERD8781,0.35444325446183184
JKD0089,0.35444325446183184
IOL9935,0.35444325446183184
YWG1554,0.35444325446183184
HYE4672,0.35444325446183184
WIX0826,0.35444325446183184
EUR8148,0.35444325446183184
CNZ6390,0.35444325446183184
HDO0347,0.35444325446183184
CJE1984,0.35444325446183184
KHA1111,0.35444325446183184
VOT6795,0.35444325446183184
HRX1948,0.35444325446183184
DNA2627,0.35444325446183184
LHO0248,0.35444325446183184
OVL1525,0.35444325446183184
RNK0554,0.35444325446183184
WOE0358,0.35444325446183184
GAV2034,0.35444325446183184
ERT2844,0.35444325446183184
SQX1432,0.35444325446183184
PEQ1348,0.35444325446183184
BQU5112,0.35444325446183184
NPJ3775,0.35444325446183184
RKR5167,0.35444325446183184
UTR1727,0.35444325446183184
QMV8571,0.35444325446183184
ASF5923,0.35444325446183184
XGF5705,0.35444325446183184
UKB6140,0.35444325446183184
GGU6135,0.35444325446183184
YEL1730,0.35444325446183184
SLS8706,0.35444325446183184
BKC7385,0.35444325446183184
GTW3473,0.35444325446183184
SIR2526,0.35444325446183184
TNS5333,0.35444325446183184
WRI7457,0.35444325446183184
SIW1055,0.35444325446183184
KLK5851,0.35444325446183184
JHK7085,0.35444325446183184
QXO4977,0.35444325446183184
QDZ9529,0.35444325446183184
BQB1981,0.35444325446183184
TNH6793,0.35444325446183184
VPQ7568,0.35444325446183184
TCT6469,0.35444325446183184
SVJ8423,0.35444325446183184
ORK4584,0.35444325446183184
FXC5021,0.35444325446183184
EHR3552,0.35444325446183184
YGY7230,0.35444325446183184
MPE3537,0.35444325446183184
PQA4080,0.35444325446183184
KIY3506,0.35444325446183184
NKF5555,0.35444325446183184
TDD1723,0.35444325446183184
TON7200,0.35444325446183184
MDR1649,0.35444325446183184
PZG8696,0.35444325446183184
KKH0736,0.35444325446183184
KAB1207,0.35444325446183184
OVI5317,0.35444325446183184
UJL5288,0.35444325446183184
JNK4664,0.35444325446183184
NZT7125,0.35444325446183184
OYH0752,0.35444325446183184
FFB3370,0.35444325446183184
ANI6598,0.35444325446183184
UDY6204,0.35444325446183184
RFQ8525,0.35444325446183184
SSV9838,0.35444325446183184
VQL0338,0.35444325446183184
YMY1903,0.35444325446183184
CUO4889,0.35444325446183184
TJU0510,0.35444325446183184
TQK3461,0.35444325446183184
JKF4720,0.35444325446183184
MGM2949,0.35444325446183184
LKX6019,0.35444325446183184
PIE4691,0.35444325446183184
RSI1828,0.35444325446183184
YWF8060,0.35444325446183184
NLF7780,0.35444325446183184
DFI6054,0.35444325446183184
AQU2193,0.35444325446183184
LCE7102,0.35444325446183184
HCR5156,0.35444325446183184
KGO9861,0.35444325446183184
IDR4613,0.35444325446183184
TIH7920,0.35444325446183184
GMG2282,0.35444325446183184
XOV0112,0.35444325446183184
QWU6957,0.35444325446183184
TTL5774,0.35444325446183184
MLA3119,0.35444325446183184
LAV2725,0.35444325446183184
NVO6192,0.35444325446183184
OPV9281,0.35444325446183184
TBY0628,0.35444325446183184
EKR8987,0.35444325446183184
WOJ3660,0.35444325446183184
DEY9915,0.35444325446183184
OXU9261,0.35444325446183184
OZC3948,0.35444325446183184
MOO9494,0.35444325446183184
VVE3557,0.35444325446183184
GHG1953,0.35444325446183184
WEN7997,0.35444325446183184
USJ6128,0.35444325446183184
DFH6378,0.35444325446183184
OUC5759,0.35444325446183184
HGS2353,0.35444325446183184
LFI4175,0.35444325446183184
GVR5222,0.35444325446183184
UNF1057,0.35444325446183184
ADI9575,0.35444325446183184
NZM9157,0.35444325446183184
ZKK1928,0.35444325446183184
RDW1608,0.35444325446183184
XBR9580,0.35444325446183184
QOI4193,0.35444325446183184
QWL2964,0.35444325446183184
EED0897,0.35444325446183184
RGX5972,0.35444325446183184
YFC0228,0.35444325446183184
IHC7809,0.35444325446183184
UVF6873,0.35444325446183184
FJM1520,0.35444325446183184
EJA1055,0.35444325446183184
YEK4878,0.35444325446183184
EIB8484,0.35444325446183184
EZH8719,0.35444325446183184
XZC5678,0.35444325446183184
YOY0349,0.35444325446183184
KNY0635,0.35444325446183184
CWM7872,0.35444325446183184
UBC9246,0.35444325446183184
DTB1626,0.35444325446183184
QGB7300,0.35444325446183184
SZS4785,0.35444325446183184
SUZ9030,0.35444325446183184
BYC0563,0.35444325446183184
TCT4311,0.35444325446183184
AEL2094,0.35444325446183184
WFM6960,0.35444325446183184
IDG3112,0.35444325446183184
QLJ1082,0.35444325446183184
DWK9780,0.35444325446183184
UBR5417,0.35444325446183184
UUS5459,0.35444325446183184
JKL6450,0.35444325446183184
RMK7817,0.35444325446183184
UOL4203,0.35444325446183184
ERD8944,0.35444325446183184
WFM4276,0.35444325446183184
BDA2442,0.35444325446183184
TJS4681,0.35444325446183184
VHH5861,0.35444325446183184
BOQ7425,0.35444325446183184
BQA1299,0.35444325446183184
WFR6899,0.35444325446183184
BZQ0839,0.35444325446183184
IZX3661,0.35444325446183184
GOU4918,0.35444325446183184
BPV0752,0.35444325446183184
TID5550,0.35444325446183184
YGZ7236,0.35444325446183184
MOA8990,0.35444325446183184
FYQ2058,0.35444325446183184
PAJ2601,0.35444325446183184
HTF8521,0.35444325446183184
ZQY8757,0.35444325446183184
LVR0010,0.35444325446183184
PVN9005,0.35444325446183184
MUX4888,0.35444325446183184
AJN1863,0.35444325446183184
KXT2493,0.35444325446183184
KLT8096,0.35444325446183184
SRP6266,0.35444325446183184
AOW5306,0.35444325446183184
SQG6629,0.35444325446183184
WUQ4891,0.35444325446183184
GHL1926,0.35444325446183184
CRA6575,0.35444325446183184
TVB9123,0.35444325446183184
DWM7243,0.35444325446183184
NGL0569,0.35444325446183184
BPZ3999,0.35444325446183184
ZII8620,0.35444325446183184
MYI1115,0.35444325446183184
KLV6331,0.35444325446183184
VDP9819,0.35444325446183184
VGI0394,0.35444325446183184
ATB3020,0.35444325446183184
LFR5954,0.35444325446183184
CLH3492,0.35444325446183184
OQM1484,0.35444325446183184
ZZI1694,0.35444325446183184
HUC6054,0.35444325446183184
PQX9047,0.35444325446183184
FCF0060,0.35444325446183184
MUZ3906,0.35444325446183184
UVR4273,0.35444325446183184
PIS8122,0.35444325446183184
LEX3467,0.35444325446183184
JVJ6593,0.35444325446183184
BME1938,0.35444325446183184
RCS2045,0.35444325446183184
NIJ0115,0.35444325446183184
GWP0248,0.35444325446183184
TVG6339,0.35444325446183184
BZB5473,0.35444325446183184
RBG7363,0.35444325446183184
FBL8963,0.35444325446183184
UIW9813,0.35444325446183184
JYR9215,0.35444325446183184
XYL0915,0.35444325446183184
GGZ9249,0.35444325446183184
BGG6399,0.35444325446183184
TKO2644,0.35444325446183184
ZRA7086,0.35444325446183184
OST5112,0.35444325446183184
BEE2519,0.35444325446183184
HOZ8282,0.35444325446183184
CPO1439,0.35444325446183184
QRL0251,0.35444325446183184
VAQ3794,0.35444325446183184
QLQ6117,0.35444325446183184
OIY4125,0.35444325446183184
RGG4286,0.35444325446183184
RKM7648,0.35444325446183184
WPG4469,0.35444325446183184
XFE9293,0.35444325446183184
ZTV8575,0.35444325446183184
IGH4750,0.35444325446183184
ZML6602,0.35444325446183184
NDA0849,0.35444325446183184
MZA1897,0.35444325446183184
DCV1536,0.35444325446183184
JRW1358,0.35444325446183184
ZZT7113,0.35444325446183184
XTP1594,0.35444325446183184
SVX7794,0.35444325446183184
NLQ7704,0.35444325446183184
NJW6736,0.35444325446183184
WOO4011,0.35444325446183184
ADZ4772,0.35444325446183184
CXI7448,0.35444325446183184
ZMY2289,0.35444325446183184
BIE8651,0.35444325446183184
ZPV2558,0.35444325446183184
AJH2723,0.35444325446183184
QBG4689,0.35444325446183184
OKC7942,0.35444325446183184
KYO7690,0.35444325446183184
KYC8854,0.35444325446183184
WKL1513,0.35444325446183184
LJP2260,0.35444325446183184
CTY3169,0.35444325446183184
DDN8532,0.35444325446183184
BYO3200,0.35444325446183184
PZC8671,0.35444325446183184
IBD6155,0.35444325446183184
QZM4938,0.35444325446183184
OQL6643,0.35444325446183184
TXO7245,0.35444325446183184
MFM9350,0.35444325446183184
YRY7691,0.35444325446183184
TIK9060,0.35444325446183184
DSA5215,0.35444325446183184
EBL8419,0.35444325446183184
QTO1107,0.35444325446183184
RHP8164,0.35444325446183184
ZYP9170,0.35444325446183184
RGK8437,0.35444325446183184
RYH7851,0.35444325446183184
HAK8197,0.35444325446183184
FFQ1643,0.35444325446183184
QHW1800,0.35444325446183184
PEG4705,0.35444325446183184
IFF2262,0.35444325446183184
UAU4992,0.35444325446183184
AIM8176,0.35444325446183184
LVP7409,0.35444325446183184
ZWH8130,0.35444325446183184
XXX9414,0.35444325446183184
FQN2035,0.35444325446183184
PKX3408,0.35444325446183184
ESR4067,0.35444325446183184
RTY2618,0.35444325446183184
AJN3988,0.35444325446183184
MFO2546,0.35444325446183184
KDU6652,0.35444325446183184
WXJ1927,0.35444325446183184
JUZ8329,0.35444325446183184
YWL2915,0.35444325446183184
ZJR9973,0.35444325446183184
OTZ1268,0.35444325446183184
RQL5976,0.35444325446183184
WRQ6146,0.35444325446183184
ONW9343,0.35444325446183184
SBZ5714,0.35444325446183184
XOO9378,0.35444325446183184
NRL4351,0.35444325446183184
ATM8735,0.35444325446183184
GED1275,0.35444325446183184
CHG2263,0.35444325446183184
GFB7568,0.35444325446183184
IYL0123,0.35444325446183184
KXO3119,0.35444325446183184
XXL0008,0.35444325446183184
ODK9902,0.35444325446183184
DKA3818,0.35444325446183184
ROB8189,0.35444325446183184
JVM7840,0.35444325446183184
UDO1289,0.35444325446183184
ORX4024,0.35444325446183184
PEN3925,0.35444325446183184
IDG1752,0.35444325446183184
HYI4139,0.35444325446183184
NAR5294,0.35444325446183184
TWS6437,0.35444325446183184
EUG5453,0.35444325446183184
HTZ9684,0.35444325446183184
SLI9668,0.35444325446183184
CFB2225,0.35444325446183184
CKI8040,0.35444325446183184
IVF0465,0.35444325446183184
SUO1686,0.35444325446183184
KBR5547,0.35444325446183184
SRG5300,0.35444325446183184
NBJ3456,0.35444325446183184
GVN8158,0.35444325446183184
QKC4090,0.35444325446183184
SLH1322,0.35444325446183184
LLH3475,0.35444325446183184
ITQ5709,0.35444325446183184
DUO5962,0.35444325446183184
YPU5831,0.35444325446183184
ADN2412,0.35444325446183184
XGL1690,0.35444325446183184
REQ6930,0.35444325446183184
ZDB3401,0.35444325446183184
TZP7090,0.35444325446183184
BYO1059,0.35444325446183184
TYA9654,0.35444325446183184
WRQ7212,0.35444325446183184
LBQ8618,0.35444325446183184
OYY1887,0.35444325446183184
RTX3896,0.35444325446183184
VOQ2183,0.35444325446183184
BWG8116,0.35444325446183184
MLG3818,0.35444325446183184
GXF6519,0.35444325446183184
PCT5310,0.35444325446183184
EQE8763,0.35444325446183184
UOV6238,0.35444325446183184
TAJ9304,0.35444325446183184
PPO6193,0.35444325446183184
EJE7986,0.35444325446183184
KZZ6597,0.35444325446183184
LYR3749,0.35444325446183184
IFH4394,0.35444325446183184
RKG2016,0.35444325446183184
SRQ7109,0.35444325446183184
FSC1622,0.35444325446183184
WEL4081,0.35444325446183184
KON4681,0.35444325446183184
GOG1414,0.35444325446183184
PTZ9758,0.35444325446183184
PNZ7044,0.35444325446183184
BXY5307,0.35444325446183184
VHD9322,0.35444325446183184
UJI3418,0.35444325446183184
GDS7739,0.35444325446183184
NAL2612,0.35444325446183184
XWL0006,0.35444325446183184
ACC6425,0.35444325446183184
ULU6411,0.35444325446183184
HOH3565,0.35444325446183184
IJN2922,0.35444325446183184
CMY9203,0.35444325446183184
AIY2300,0.35444325446183184
HMC4580,0.35444325446183184
BHX0638,0.35444325446183184
AKS1966,0.35444325446183184
RGP6623,0.35444325446183184
FGK0055,0.35444325446183184
YQB6815,0.35444325446183184
UNS5037,0.35444325446183184
DPE4303,0.35444325446183184
SBZ9773,0.35444325446183184
MSN9404,0.35444325446183184
OXD4846,0.35444325446183184
TYQ8124,0.35444325446183184
ERW9515,0.35444325446183184
CTS9000,0.35444325446183184
WGL4892,0.35444325446183184
CUL6810,0.35444325446183184
UEH1869,0.35444325446183184
FTW9383,0.35444325446183184
HNQ1812,0.35444325446183184
URU9953,0.35444325446183184
SQU1634,0.35444325446183184
PCA8678,0.35444325446183184
JHN7159,0.35444325446183184
DGX1056,0.35444325446183184
IZE7122,0.35444325446183184
VOO7799,0.35444325446183184
FSY4931,0.35444325446183184
NGX2307,0.35444325446183184
YGU1208,0.35444325446183184
POW7320,0.35444325446183184
NBT8902,0.35444325446183184
MIK8881,0.35444325446183184
TGD7619,0.35444325446183184
QUM8473,0.35444325446183184
HUX4796,0.35444325446183184
OZU5486,0.35444325446183184
SXA0417,0.35444325446183184
NQI3156,0.35444325446183184
KYA3135,0.35444325446183184
ZLG0548,0.35444325446183184
PMW6564,0.35444325446183184
BWO6796,0.35444325446183184
GZB0696,0.35444325446183184
YTW9037,0.35444325446183184
HCQ7578,0.35444325446183184
WLJ1353,0.35444325446183184
MJX6940,0.35444325446183184
YIO1510,0.35444325446183184
PCZ9815,0.35444325446183184
QGW8479,0.35444325446183184
ZIO4816,0.35444325446183184
MJM9582,0.35444325446183184
MMC9331,0.35444325446183184
RHR5255,0.35444325446183184
BWY7011,0.35444325446183184
RQD3521,0.35444325446183184
YOU4041,0.35444325446183184
IAY9517,0.35444325446183184
ZWH1869,0.35444325446183184
IGY8708,0.35444325446183184
KTA4539,0.35444325446183184
KDM0112,0.35444325446183184
YKG7870,0.35444325446183184
IWW2087,0.35444325446183184
JRY7290,0.35444325446183184
SFZ2201,0.35444325446183184
DIK9868,0.35444325446183184
HYK3371,0.35444325446183184
AJD3264,0.35444325446183184
SPP9587,0.35444325446183184
IPB4530,0.35444325446183184
RJS1549,0.35444325446183184
BGA8603,0.35444325446183184
YSY4632,0.35444325446183184
WDM2585,0.35444325446183184
RJH2241,0.35444325446183184
XVN0461,0.35444325446183184
IAM5481,0.35444325446183184
XJP4614,0.35444325446183184
ZLL1225,0.35444325446183184
VNV5634,0.35444325446183184
BSU4107,0.35444325446183184
BML2286,0.35444325446183184
UQM9262,0.35444325446183184
SYA2152,0.35444325446183184
LJD7938,0.35444325446183184
LUV4837,0.35444325446183184
EUG7857,0.35444325446183184
NXE2356,0.35444325446183184
DQK6487,0.35444325446183184
RKF5108,0.35444325446183184
GRR6196,0.35444325446183184
EPD2467,0.35444325446183184
AVD8579,0.35444325446183184
MQO2964,0.35444325446183184
AMA5018,0.35444325446183184
CTE4629,0.35444325446183184
NFQ7792,0.35444325446183184
RLK4176,0.35444325446183184
GKY9102,0.35444325446183184
CVQ1482,0.35444325446183184
KWV0353,0.35444325446183184
DGV6547,0.35444325446183184
IKH1668,0.35444325446183184
DFE7439,0.35444325446183184
TWG1698,0.35444325446183184
GOR6731,0.35444325446183184
VDV6578,0.35444325446183184
VNB9587,0.35444325446183184
AZG4713,0.35444325446183184
WAO3408,0.35444325446183184
LVM2470,0.35444325446183184
HQE8147,0.35444325446183184
TZL7940,0.35444325446183184
XGB9531,0.35444325446183184
GQZ5013,0.35444325446183184
FDK8693,0.35444325446183184
SVO4635,0.35444325446183184
KQR8949,0.35444325446183184
XKA5925,0.35444325446183184
